{
  "experiment_1_feature_ablation": {
    "experiment": {
      "0": "All features",
      "1": "-semantic",
      "2": "-bm25",
      "3": "-title_overlap",
      "4": "-category",
      "5": "-chunk_pos",
      "6": "-doc_length",
      "7": "Retrieval only",
      "8": "Metadata only"
    },
    "auc_mean": {
      "0": 0.785451116279971,
      "1": 0.7563324326152158,
      "2": 0.7458827583161978,
      "3": 0.7522203497763492,
      "4": 0.7830237556577145,
      "5": 0.77561827735079,
      "6": 0.7795036166386637,
      "7": 0.7252159914578686,
      "8": 0.7062916630258731
    },
    "auc_std": {
      "0": 0.03151145122553046,
      "1": 0.029739201888324164,
      "2": 0.04246236820003344,
      "3": 0.035323781864275816,
      "4": 0.0366094287466878,
      "5": 0.027147213257829754,
      "6": 0.025289891656484115,
      "7": 0.029273836909555786,
      "8": 0.04530481309020437
    },
    "precision_mean": {
      "0": 0.7356361149110807,
      "1": 0.7317761965283602,
      "2": 0.6483860680087096,
      "3": 0.7307526061530638,
      "4": 0.7332643508253265,
      "5": 0.7127669020111254,
      "6": 0.7093680190656675,
      "7": 0.7149430672686486,
      "8": 0.6491121623474565
    },
    "precision_std": {
      "0": 0.07141603867244606,
      "1": 0.0715146726174045,
      "2": 0.08200112690095473,
      "3": 0.04555347731787575,
      "4": 0.06539639259678863,
      "5": 0.040379118641955744,
      "6": 0.044029867283570515,
      "7": 0.021633420553174958,
      "8": 0.06029533794712909
    },
    "recall_mean": {
      "0": 0.6637271507484274,
      "1": 0.5785699287295032,
      "2": 0.7483124081528337,
      "3": 0.6261610207886804,
      "4": 0.6550150295363062,
      "5": 0.622650382490808,
      "6": 0.6453905501245927,
      "7": 0.5627096874437301,
      "8": 0.5407781814696708
    },
    "recall_std": {
      "0": 0.06699174941694236,
      "1": 0.07691575983140607,
      "2": 0.15065824958663257,
      "3": 0.07283649421557824,
      "4": 0.06741770336012078,
      "5": 0.06827989137982014,
      "6": 0.07887049213804158,
      "7": 0.04420253761543861,
      "8": 0.0991236810669141
    },
    "f1_mean": {
      "0": 0.6952568763475109,
      "1": 0.6410272480377235,
      "2": 0.6781184829346085,
      "3": 0.6734020580803457,
      "4": 0.6905578323524276,
      "5": 0.6615178590660544,
      "6": 0.6718979791445251,
      "7": 0.6287037026565688,
      "8": 0.5821448078418026
    },
    "f1_std": {
      "0": 0.054174667843164964,
      "1": 0.05137237477636346,
      "2": 0.047190269415761224,
      "3": 0.057540959831630274,
      "4": 0.05919602430805525,
      "5": 0.0367280289021513,
      "6": 0.04082895922517656,
      "7": 0.028374932435621097,
      "8": 0.06641030217880745
    }
  },
  "experiment_2_architecture": {
    "auc_mean": {
      "0": 0.785451116279971,
      "1": 0.751673349915015,
      "2": 0.7479842418022885,
      "3": 0.7517408339494906,
      "4": 0.7393148169338113,
      "5": 0.7612143763963524
    },
    "auc_std": {
      "0": 0.03151145122553046,
      "1": 0.027128112320252435,
      "2": 0.03608042729768469,
      "3": 0.024642538449175525,
      "4": 0.02256571689105723,
      "5": 0.01745090500641442
    },
    "precision_mean": {
      "0": 0.7356361149110807,
      "1": 0.6880198884562769,
      "2": 0.678835602519813,
      "3": 0.6890643753409711,
      "4": 0.6790699060425752,
      "5": 0.6965633146411179
    },
    "precision_std": {
      "0": 0.07141603867244606,
      "1": 0.0730372620910664,
      "2": 0.05346300507612173,
      "3": 0.056813998917264935,
      "4": 0.02871508431278797,
      "5": 0.06576171600450806
    },
    "recall_mean": {
      "0": 0.6637271507484274,
      "1": 0.6383464605805031,
      "2": 0.6362005332218098,
      "3": 0.6362891857040793,
      "4": 0.6724521668670606,
      "5": 0.6338553156638264
    },
    "recall_std": {
      "0": 0.06699174941694236,
      "1": 0.06549980291305939,
      "2": 0.05765268362897645,
      "3": 0.046995045641370664,
      "4": 0.05201930451868601,
      "5": 0.05971453573471985
    },
    "f1_mean": {
      "0": 0.6952568763475109,
      "1": 0.6577001426124234,
      "2": 0.6558083565899973,
      "3": 0.6604840790189341,
      "4": 0.6751069934037324,
      "5": 0.6610786005793071
    },
    "f1_std": {
      "0": 0.054174667843164964,
      "1": 0.04117080190207339,
      "2": 0.04911557795603715,
      "3": 0.044286004222492965,
      "4": 0.03658313792987825,
      "5": 0.04792773507556626
    },
    "params": {
      "0": 560,
      "1": 177,
      "2": 257,
      "3": 65,
      "4": 769,
      "5": 7
    },
    "architecture": {
      "0": "KAN (Real)",
      "1": "XNet (Real)",
      "2": "MLP (Real)",
      "3": "SimpleKAN",
      "4": "SimpleMLP",
      "5": "Logistic Regression"
    }
  },
  "experiment_3_dataset_size": {
    "auc_mean": {
      "0": 0.6541111111111111,
      "1": 0.6122539682539683,
      "2": 0.5597301587301586,
      "3": 0.7071338383838384,
      "4": 0.6628156565656566,
      "5": 0.6698232323232324,
      "6": 0.7722782839373707,
      "7": 0.7690279829615468,
      "8": 0.7597524751957984,
      "9": 0.7360307740099407,
      "10": 0.7034244829244829,
      "11": 0.7069148428731762,
      "12": 0.7923207173656468,
      "13": 0.7475517969407572,
      "14": 0.7418604328206382,
      "15": 0.7800382421170979,
      "16": 0.7221037462068456,
      "17": 0.7365694688164572
    },
    "auc_std": {
      "0": 0.16834133999802475,
      "1": 0.14509424396628962,
      "2": 0.24638616356723383,
      "3": 0.0650554014641934,
      "4": 0.06372210933931137,
      "5": 0.0843751830404587,
      "6": 0.09349309424921673,
      "7": 0.09224361909901499,
      "8": 0.10465278832950523,
      "9": 0.06456691684225056,
      "10": 0.07264940201267323,
      "11": 0.0937388819128011,
      "12": 0.032584350037462594,
      "13": 0.04261183097037567,
      "14": 0.03664314366944695,
      "15": 0.044960324705704026,
      "16": 0.05053034506270251,
      "17": 0.01884596964158236
    },
    "precision_mean": {
      "0": 0.4766666666666667,
      "1": 0.5266666666666666,
      "2": 0.3933333333333333,
      "3": 0.6312121212121211,
      "4": 0.7076190476190476,
      "5": 0.7098268398268399,
      "6": 0.6342720437457279,
      "7": 0.6734387351778656,
      "8": 0.6790743034055728,
      "9": 0.679142156862745,
      "10": 0.6144368440514485,
      "11": 0.6466086691086691,
      "12": 0.7486243386243385,
      "13": 0.6872081708063718,
      "14": 0.7089138372773307,
      "15": 0.7526829822085987,
      "16": 0.6898294379723762,
      "17": 0.7373567374487762
    },
    "precision_std": {
      "0": 0.36811833846076064,
      "1": 0.3504917180825311,
      "2": 0.3900997023554078,
      "3": 0.07168188063255096,
      "4": 0.08452079136127157,
      "5": 0.07389086680722144,
      "6": 0.17498441439128554,
      "7": 0.13737245241770496,
      "8": 0.17587065269756957,
      "9": 0.0523312955546222,
      "10": 0.07822996503557664,
      "11": 0.08495739327811412,
      "12": 0.04646767975583423,
      "13": 0.06554886306786924,
      "14": 0.07444139236256146,
      "15": 0.08775214663005212,
      "16": 0.08940479923680318,
      "17": 0.04378509553642108
    },
    "recall_mean": {
      "0": 0.31111111111111106,
      "1": 0.31111111111111106,
      "2": 0.3555555555555555,
      "3": 0.6621212121212122,
      "4": 0.5696969696969696,
      "5": 0.5060606060606061,
      "6": 0.7543930820967225,
      "7": 0.6982865378456282,
      "8": 0.7559944485961354,
      "9": 0.7016666666666667,
      "10": 0.5937121212121211,
      "11": 0.6775,
      "12": 0.6611197788091241,
      "13": 0.6056706494190448,
      "14": 0.6019782100655015,
      "15": 0.6608903061885872,
      "16": 0.6325801768167795,
      "17": 0.6257239895258095
    },
    "recall_std": {
      "0": 0.2154524381073924,
      "1": 0.2154524381073924,
      "2": 0.406125930722157,
      "3": 0.22826047982141193,