,Mean Val Loss,Std Val Loss,Mean Epochs,Std Epochs,Error Reduction vs ReLU
cauchy,0.24215450265577862,0.005019755913381514,26.4,5.6780278266313555,0.6147237554041801
relu,0.24365229117018833,0.002511612809679944,29.8,2.4,0.0
tanh,0.2442954289061683,0.002696352399485045,28.6,4.498888751680797,-0.26395718788079653
