{
  "kan": {
    "AUC": 0.8246913580246913,
    "Precision": 0.7142857142857143,
    "Recall": 0.6666666666666666,
    "F1": 0.6896551724137931
  },
  "xnet": {
    "AUC": 0.81679012345679,
    "Precision": 0.7551020408163265,
    "Recall": 0.8222222222222222,
    "F1": 0.7872340425531915
  },
  "mlp": {
    "AUC": 0.8148148148148148,
    "Precision": 0.7380952380952381,
    "Recall": 0.6888888888888889,
    "F1": 0.7126436781609196
  }
}